{"is_source_file": false, "format": "", "description": "", "external_files": [], "external_methods": [], "published": [], "classes": [], "methods": [], "calls": [], "search-terms": [], "state": 2, "file_id": 1, "knowledge_revision": 3, "git_revision": "c177267c201cec90321a1e80697ceaeb031b1aec", "hash": "998111f09a5cb57ebdee5e6f762b66e6", "format-version": 4, "code-base-name": "resident_directory_backend", "filename": "README.md", "revision_history": [{"3": "c177267c201cec90321a1e80697ceaeb031b1aec"}]}